学号,教程github仓库,教程gitbook入口
1428406020,https://github.com/BNH-96/notes,https://www.gitbook.com/book/bnh-96/a
1528406001,https://github.com/panxinyue/notes,
1528406002,https://github.com/moquan13382108606/notes,
1528406004,https://github.com/tangmingzhi1/notes,
1528406005,https://github.com/1bobo/notes,
1528406006,https://github.com/wwl9772/notes,
1528406007,https://github.com/1062493404/notes,
1528406008,https://github.com/sunyucheng/notes,
1528406009,https://github.com/233wen/notes,
1528406010,https://github.com/WHaoJiang/notes,
1528406011,https://github.com/Q-4-ever/notes,
1528406012,https://github.com/alexandermcqueen/notes,
1528406017,,
1528406018,https://github.com/MRDGL/notes,
1528406019,https://github.com/1206282095/notes,
1528406022,https://github.com/AnnSherly/notes,
1528406023,https://github.com/gangchenhan/notes,
1528406024,https://github.com/baymax666/notes,
1528406025,https://github.com/nekoparavol2/notes,
1528406026,https://github.com/hztw/notes,
1528406027,,
1528406028,https://github.com/dengmixue/notes,
1528406029,https://github.com/moshanghukai/notes,
1528406030,https://github.com/qingzhu1205/notes,
1528406031,https://github.com/ryof39/notes,
1528406033,https://github.com/YurongCong/notes,
1528406035,,
1528406038,https://github.com/maizhou13/notes,
1528406040,https://github.com/taozhewen/notes,https://www.gitbook.com/book/taozhewen/linux-2000
1528406041,https://github.com/zw1528406041/notes,
,https://github.com/phoneshell/notes,https://www.gitbook.com/book/phoneshell1/linux
